zone,worker_count,avg_temperature,avg_gas_level,avg_risk_score,high_risk_workers,zone_risk_level,equipment_status
Casting Bay,14,42.0,13.6,61.7,4,HIGH,Normal
Conveyor Area,19,29.8,10.1,42.8,0,MEDIUM,Needs Maintenance
Crane Area,23,29.7,9.5,40.7,0,MEDIUM,Normal
Furnace-A,4,42.0,10.9,56.5,1,MEDIUM,Normal
Furnace-B,11,42.8,13.3,66.5,2,HIGH,Malfunction
Maintenance Area,21,30.9,12.3,53.3,1,MEDIUM,Normal
Quality Lab,25,29.5,8.9,45.8,0,MEDIUM,Normal
Rolling Mill,14,42.5,21.3,76.0,7,HIGH,Normal
Storage Area,19,30.6,8.8,42.4,0,MEDIUM,Normal
